<?xml version="1.0" encoding="UTF-8"?>
<objects serializationModel="Studio.02.02.00">
	<object class="AudioFile" id="{011c9a98-7d26-49bf-9e6d-f2872256b1f4}">
		<property name="assetPath">
			<value>wind_fence4.wav</value>
		</property>
		<property name="isStreaming">
			<value>true</value>
		</property>
		<property name="frequencyInKHz">
			<value>48</value>
		</property>
		<property name="channelCount">
			<value>2</value>
		</property>
		<property name="length">
			<value>17.484645833333332</value>
		</property>
		<relationship name="masterAssetFolder">
			<destination>{15451c2e-d49d-44e1-bf63-4bc9b05943b8}</destination>
		</relationship>
	</object>
</objects>
