<?xml version="1.0" encoding="UTF-8"?>
<objects serializationModel="Studio.02.02.00">
	<object class="AudioFile" id="{72e2ddce-5ea4-4a1c-aab3-624819c2e6a5}">
		<property name="assetPath">
			<value>step_normal.wav</value>
		</property>
		<property name="frequencyInKHz">
			<value>22.0499992</value>
		</property>
		<property name="channelCount">
			<value>1</value>
		</property>
		<property name="length">
			<value>0.33777777777777779</value>
		</property>
		<relationship name="masterAssetFolder">
			<destination>{15451c2e-d49d-44e1-bf63-4bc9b05943b8}</destination>
		</relationship>
	</object>
</objects>
