<?xml version="1.0" encoding="UTF-8"?>
<objects serializationModel="Studio.02.02.00">
	<object class="AudioFile" id="{af4a7771-377b-400b-87d9-72e372d901d4}">
		<property name="assetPath">
			<value>wood_crack2.wav</value>
		</property>
		<property name="frequencyInKHz">
			<value>44.0999985</value>
		</property>
		<property name="channelCount">
			<value>2</value>
		</property>
		<property name="length">
			<value>1.5859637188208617</value>
		</property>
		<relationship name="masterAssetFolder">
			<destination>{15451c2e-d49d-44e1-bf63-4bc9b05943b8}</destination>
		</relationship>
	</object>
</objects>
