<?xml version="1.0" encoding="UTF-8"?>
<objects serializationModel="Studio.02.02.00">
	<object class="AudioFile" id="{c5794997-ceed-447d-a4c6-5480ee05a062}">
		<property name="assetPath">
			<value>wind_fence2.wav</value>
		</property>
		<property name="isStreaming">
			<value>true</value>
		</property>
		<property name="frequencyInKHz">
			<value>48</value>
		</property>
		<property name="channelCount">
			<value>2</value>
		</property>
		<property name="length">
			<value>11.468416666666666</value>
		</property>
		<relationship name="masterAssetFolder">
			<destination>{15451c2e-d49d-44e1-bf63-4bc9b05943b8}</destination>
		</relationship>
	</object>
</objects>
