<?xml version="1.0" encoding="UTF-8"?>
<objects serializationModel="Studio.02.02.00">
	<object class="Event" id="{979d648b-e877-45fb-ba07-54e2009b87fa}">
		<property name="name">
			<value>Footstep</value>
		</property>
		<property name="outputFormat">
			<value>0</value>
		</property>
		<relationship name="folder">
			<destination>{e8a994c0-55f0-4ad9-b061-223be2dfaa19}</destination>
		</relationship>
		<relationship name="mixer">
			<destination>{25358019-fb28-4eff-ba04-b0930909cf7c}</destination>
		</relationship>
		<relationship name="masterTrack">
			<destination>{5bfcaed6-5730-40f1-acb2-78b8204c2169}</destination>
		</relationship>
		<relationship name="mixerInput">
			<destination>{fec3c283-8223-4363-afd0-03d77094525c}</destination>
		</relationship>
		<relationship name="automatableProperties">
			<destination>{a37a658f-79e2-4b07-a922-626e824db8b4}</destination>
		</relationship>
		<relationship name="markerTracks">
			<destination>{76e41999-ce1e-4377-9110-7db66e417a3d}</destination>
		</relationship>
		<relationship name="groupTracks">
			<destination>{b93c1ad0-b524-4a50-87bd-485e1ba2ac62}</destination>
			<destination>{72e1712d-4272-48ae-9398-44bef216a113}</destination>
			<destination>{e64138cb-5819-4559-a1f3-770caea8ffc6}</destination>
		</relationship>
		<relationship name="timeline">
			<destination>{36c1dadc-8aa4-4ae2-a446-dfb7a54d6a3f}</destination>
		</relationship>
		<relationship name="banks">
			<destination>{9d469603-1ba2-46c0-ba86-b2d54b1aaf04}</destination>
		</relationship>
	</object>
	<object class="EventMixer" id="{25358019-fb28-4eff-ba04-b0930909cf7c}">
		<relationship name="masterBus">
			<destination>{07ac6ec6-0fe3-41ee-b715-047fb20cb520}</destination>
		</relationship>
	</object>
	<object class="MasterTrack" id="{5bfcaed6-5730-40f1-acb2-78b8204c2169}">
		<relationship name="mixerGroup">
			<destination>{07ac6ec6-0fe3-41ee-b715-047fb20cb520}</destination>
		</relationship>
	</object>
	<object class="MixerInput" id="{fec3c283-8223-4363-afd0-03d77094525c}">
		<relationship name="effectChain">
			<destination>{69ae179c-1f78-4195-b71e-3d07d5c32d01}</destination>
		</relationship>
		<relationship name="panner">
			<destination>{c760c503-38f3-4ca3-8ca1-f3d5bf5fa442}</destination>
		</relationship>
		<relationship name="output">
			<destination>{1babe90d-ce0a-48c7-a3fc-421f0a110d7b}</destination>
		</relationship>
	</object>
	<object class="EventAutomatableProperties" id="{a37a658f-79e2-4b07-a922-626e824db8b4}" />
	<object class="MarkerTrack" id="{76e41999-ce1e-4377-9110-7db66e417a3d}" />
	<object class="GroupTrack" id="{b93c1ad0-b524-4a50-87bd-485e1ba2ac62}">
		<relationship name="modules">
			<destination>{97edfc93-34e4-4bbe-a2b6-0ebb17364ecb}</destination>
		</relationship>
		<relationship name="mixerGroup">
			<destination>{83eadbe3-8208-4cd5-a060-fcd7475a244f}</destination>
		</relationship>
	</object>
	<object class="GroupTrack" id="{72e1712d-4272-48ae-9398-44bef216a113}">
		<relationship name="modules">
			<destination>{1de50b8b-8c7c-427b-9f43-af3a35818a4b}</destination>
		</relationship>
		<relationship name="mixerGroup">
			<destination>{f3653621-c302-463b-a87d-e77502696fa2}</destination>
		</relationship>
	</object>
	<object class="GroupTrack" id="{e64138cb-5819-4559-a1f3-770caea8ffc6}">
		<relationship name="modules">
			<destination>{45886a95-395c-44ab-9df5-b60b8bf530b2}</destination>
		</relationship>
		<relationship name="mixerGroup">
			<destination>{aef2e6eb-fe22-481a-9b27-e8da4f93ebc4}</destination>
		</relationship>
	</object>
	<object class="Timeline" id="{36c1dadc-8aa4-4ae2-a446-dfb7a54d6a3f}">
		<relationship name="modules">
			<destination>{1de50b8b-8c7c-427b-9f43-af3a35818a4b}</destination>
			<destination>{45886a95-395c-44ab-9df5-b60b8bf530b2}</destination>
			<destination>{97edfc93-34e4-4bbe-a2b6-0ebb17364ecb}</destination>
		</relationship>
	</object>
	<object class="EventMixerMaster" id="{07ac6ec6-0fe3-41ee-b715-047fb20cb520}">
		<relationship name="effectChain">
			<destination>{bc03e421-f79b-413e-940f-6deb6a5cdef2}</destination>
		</relationship>
		<relationship name="panner">
			<destination>{fc02a5a6-5db5-49fd-9de9-e027d74c769c}</destination>
		</relationship>
		<relationship name="mixer">
			<destination>{25358019-fb28-4eff-ba04-b0930909cf7c}</destination>
		</relationship>
	</object>
	<object class="MixerBusEffectChain" id="{69ae179c-1f78-4195-b71e-3d07d5c32d01}">
		<relationship name="effects">
			<destination>{9ae77801-e893-44b7-b90a-fb11307e8360}</destination>
		</relationship>
	</object>
	<object class="MixerBusPanner" id="{c760c503-38f3-4ca3-8ca1-f3d5bf5fa442}" />
	<object class="SingleSound" id="{97edfc93-34e4-4bbe-a2b6-0ebb17364ecb}">
		<property name="length">
			<value>0.33777777777777779</value>
		</property>
		<relationship name="triggerConditions">
			<destination>{ea18398d-4a8e-460d-b0d1-550f511919ee}</destination>
		</relationship>
		<relationship name="audioFile">
			<destination>{72e2ddce-5ea4-4a1c-aab3-624819c2e6a5}</destination>
		</relationship>
	</object>
	<object class="EventMixerGroup" id="{83eadbe3-8208-4cd5-a060-fcd7475a244f}">
		<property name="name">
			<value>Audio 1</value>
		</property>
		<relationship name="effectChain">
			<destination>{2f661d0e-5337-4c48-8b40-320cd452f49d}</destination>
		</relationship>
		<relationship name="panner">
			<destination>{99258d14-6d5d-419d-b804-f3ea7203ef2e}</destination>
		</relationship>
		<relationship name="output">
			<destination>{07ac6ec6-0fe3-41ee-b715-047fb20cb520}</destination>
		</relationship>
	</object>
	<object class="SingleSound" id="{1de50b8b-8c7c-427b-9f43-af3a35818a4b}">
		<property name="length">
			<value>0.33777777777777779</value>
		</property>
		<relationship name="triggerConditions">
			<destination>{6fa6001e-c912-49fc-943c-4cb3edc4f65a}</destination>
		</relationship>
		<relationship name="audioFile">
			<destination>{7cb158f8-be9b-4266-9aa9-ffc11ddd6f5f}</destination>
		</relationship>
	</object>
	<object class="EventMixerGroup" id="{f3653621-c302-463b-a87d-e77502696fa2}">
		<property name="name">
			<value>Audio 2</value>
		</property>
		<relationship name="effectChain">
			<destination>{de9d9329-de91-438d-9811-6e3c36f39fe6}</destination>
		</relationship>
		<relationship name="panner">
			<destination>{14fab2a1-91cb-4c88-95f2-d960ba331094}</destination>
		</relationship>
		<relationship name="output">
			<destination>{07ac6ec6-0fe3-41ee-b715-047fb20cb520}</destination>
		</relationship>
	</object>
	<object class="SingleSound" id="{45886a95-395c-44ab-9df5-b60b8bf530b2}">
		<property name="length">
			<value>0.33777777777777779</value>
		</property>
		<relationship name="triggerConditions">
			<destination>{3d557105-25ca-4c45-b7ae-9fb95bf63ead}</destination>
		</relationship>
		<relationship name="audioFile">
			<destination>{fb53ead1-c441-485f-a698-942aab8e6e43}</destination>
		</relationship>
	</object>
	<object class="EventMixerGroup" id="{aef2e6eb-fe22-481a-9b27-e8da4f93ebc4}">
		<property name="name">
			<value>Audio 3</value>
		</property>
		<relationship name="effectChain">
			<destination>{cf7939e9-8679-401e-bc64-99a7697576ac}</destination>
		</relationship>
		<relationship name="panner">
			<destination>{a5f7a737-c5b8-4a67-9d88-3f873d85e1eb}</destination>
		</relationship>
		<relationship name="output">
			<destination>{07ac6ec6-0fe3-41ee-b715-047fb20cb520}</destination>
		</relationship>
	</object>
	<object class="MixerBusEffectChain" id="{bc03e421-f79b-413e-940f-6deb6a5cdef2}">
		<relationship name="effects">
			<destination>{86e3c839-70fc-4767-8682-1427fee84515}</destination>
		</relationship>
	</object>
	<object class="MixerBusPanner" id="{fc02a5a6-5db5-49fd-9de9-e027d74c769c}" />
	<object class="MixerBusFader" id="{9ae77801-e893-44b7-b90a-fb11307e8360}" />
	<object class="ParameterCondition" id="{ea18398d-4a8e-460d-b0d1-550f511919ee}">
		<property name="minimum">
			<value>1</value>
		</property>
		<property name="maximum">
			<value>1</value>
		</property>
		<relationship name="parameter">
			<destination>{43581745-d453-4dd8-a178-f0a068d8a213}</destination>
		</relationship>
	</object>
	<object class="MixerBusEffectChain" id="{2f661d0e-5337-4c48-8b40-320cd452f49d}">
		<relationship name="effects">
			<destination>{1822512b-ead8-480a-83b8-f800974a6b3c}</destination>
			<destination>{cc8cd1d9-02aa-4f24-b9f6-94b243134f94}</destination>
		</relationship>
	</object>
	<object class="MixerBusPanner" id="{99258d14-6d5d-419d-b804-f3ea7203ef2e}" />
	<object class="ParameterCondition" id="{6fa6001e-c912-49fc-943c-4cb3edc4f65a}">
		<property name="minimum">
			<value>2</value>
		</property>
		<property name="maximum">
			<value>2</value>
		</property>
		<relationship name="parameter">
			<destination>{43581745-d453-4dd8-a178-f0a068d8a213}</destination>
		</relationship>
	</object>
	<object class="MixerBusEffectChain" id="{de9d9329-de91-438d-9811-6e3c36f39fe6}">
		<relationship name="effects">
			<destination>{d96d690b-517d-4228-95ce-def74d8c80fb}</destination>
		</relationship>
	</object>
	<object class="MixerBusPanner" id="{14fab2a1-91cb-4c88-95f2-d960ba331094}" />
	<object class="ParameterCondition" id="{3d557105-25ca-4c45-b7ae-9fb95bf63ead}">
		<property name="minimum">
			<value>0</value>
		</property>
		<property name="maximum">
			<value>0</value>
		</property>
		<relationship name="parameter">
			<destination>{43581745-d453-4dd8-a178-f0a068d8a213}</destination>
		</relationship>
	</object>
	<object class="MixerBusEffectChain" id="{cf7939e9-8679-401e-bc64-99a7697576ac}">
		<relationship name="effects">
			<destination>{d2e0e4fd-c437-4305-9d86-455188fee157}</destination>
		</relationship>
	</object>
	<object class="MixerBusPanner" id="{a5f7a737-c5b8-4a67-9d88-3f873d85e1eb}" />
	<object class="MixerBusFader" id="{86e3c839-70fc-4767-8682-1427fee84515}" />
	<object class="MixerBusFader" id="{1822512b-ead8-480a-83b8-f800974a6b3c}" />
	<object class="PannerEffect" id="{cc8cd1d9-02aa-4f24-b9f6-94b243134f94}" />
	<object class="MixerBusFader" id="{d96d690b-517d-4228-95ce-def74d8c80fb}" />
	<object class="MixerBusFader" id="{d2e0e4fd-c437-4305-9d86-455188fee157}" />
</objects>
