<?xml version="1.0" encoding="UTF-8"?>
<objects serializationModel="Studio.02.02.00">
	<object class="Event" id="{afcf8f10-28aa-4a92-a6d8-afc12e31d424}">
		<property name="name">
			<value>Wind_Forest</value>
		</property>
		<property name="outputFormat">
			<value>2</value>
		</property>
		<relationship name="folder">
			<destination>{e8a994c0-55f0-4ad9-b061-223be2dfaa19}</destination>
		</relationship>
		<relationship name="mixer">
			<destination>{ec7d0380-f312-4b9f-8735-80ead6b9f01f}</destination>
		</relationship>
		<relationship name="masterTrack">
			<destination>{b32873c8-694a-4742-a933-c6ffe4e0aaa5}</destination>
		</relationship>
		<relationship name="mixerInput">
			<destination>{7bcd77a6-6d72-4d8a-a527-24cecd223501}</destination>
		</relationship>
		<relationship name="automatableProperties">
			<destination>{e15823f2-d175-4f34-aea3-ff4aa4ec17a4}</destination>
		</relationship>
		<relationship name="markerTracks">
			<destination>{135671ee-e29d-46ef-bfec-e3d12deac365}</destination>
		</relationship>
		<relationship name="groupTracks">
			<destination>{216c25dc-d276-48a1-b9cf-e6fb68812745}</destination>
			<destination>{817efcf6-e10e-4e05-834c-034e6e577fe5}</destination>
			<destination>{f4320606-e265-4f20-8117-0fa19655ef0a}</destination>
		</relationship>
		<relationship name="timeline">
			<destination>{28f81d9e-af3a-4730-89d1-ce3fcdfe375e}</destination>
		</relationship>
		<relationship name="banks">
			<destination>{9d469603-1ba2-46c0-ba86-b2d54b1aaf04}</destination>
		</relationship>
	</object>
	<object class="EventMixer" id="{ec7d0380-f312-4b9f-8735-80ead6b9f01f}">
		<relationship name="masterBus">
			<destination>{d41cb262-6251-44ca-90cf-85f86ba0858d}</destination>
		</relationship>
	</object>
	<object class="MasterTrack" id="{b32873c8-694a-4742-a933-c6ffe4e0aaa5}">
		<relationship name="automationTracks">
			<destination>{26b8d43d-6a15-441b-b441-08d78a3c5717}</destination>
		</relationship>
		<relationship name="mixerGroup">
			<destination>{d41cb262-6251-44ca-90cf-85f86ba0858d}</destination>
		</relationship>
	</object>
	<object class="MixerInput" id="{7bcd77a6-6d72-4d8a-a527-24cecd223501}">
		<relationship name="effectChain">
			<destination>{7f52d555-38f9-44f5-bc57-76baeedc5645}</destination>
		</relationship>
		<relationship name="panner">
			<destination>{b83f1336-e213-4085-a493-e70c6f063b06}</destination>
		</relationship>
		<relationship name="output">
			<destination>{1babe90d-ce0a-48c7-a3fc-421f0a110d7b}</destination>
		</relationship>
	</object>
	<object class="EventAutomatableProperties" id="{e15823f2-d175-4f34-aea3-ff4aa4ec17a4}" />
	<object class="MarkerTrack" id="{135671ee-e29d-46ef-bfec-e3d12deac365}" />
	<object class="GroupTrack" id="{216c25dc-d276-48a1-b9cf-e6fb68812745}">
		<relationship name="modules">
			<destination>{c4940742-c856-400d-abb2-9acd8205dbac}</destination>
		</relationship>
		<relationship name="mixerGroup">
			<destination>{715442f0-6a76-4f2f-ae2a-afdfec4cc541}</destination>
		</relationship>
	</object>
	<object class="GroupTrack" id="{817efcf6-e10e-4e05-834c-034e6e577fe5}">
		<relationship name="automationTracks">
			<destination>{d40961eb-4c10-4738-aa5a-bf8e4726e9fc}</destination>
		</relationship>
		<relationship name="modules">
			<destination>{1ff07685-6900-4a7d-95fc-b16d4066d081}</destination>
		</relationship>
		<relationship name="mixerGroup">
			<destination>{8567f410-6c1c-4a83-a421-f05ad246af91}</destination>
		</relationship>
	</object>
	<object class="GroupTrack" id="{f4320606-e265-4f20-8117-0fa19655ef0a}">
		<relationship name="automationTracks">
			<destination>{c1b352e9-9247-4fe9-a3e9-e509bc60f886}</destination>
		</relationship>
		<relationship name="modules">
			<destination>{22110fb2-ace8-496b-82d2-4e93aa2ab0ad}</destination>
		</relationship>
		<relationship name="mixerGroup">
			<destination>{47ba3317-0b47-4a2c-ab88-b9ad4256a803}</destination>
		</relationship>
	</object>
	<object class="Timeline" id="{28f81d9e-af3a-4730-89d1-ce3fcdfe375e}">
		<relationship name="modules">
			<destination>{c4940742-c856-400d-abb2-9acd8205dbac}</destination>
			<destination>{1ff07685-6900-4a7d-95fc-b16d4066d081}</destination>
			<destination>{22110fb2-ace8-496b-82d2-4e93aa2ab0ad}</destination>
		</relationship>
		<relationship name="markers">
			<destination>{37ecd77d-52c0-42ae-98e6-15f639f7b886}</destination>
			<destination>{8c96c35a-4fe6-43f8-b521-1c0e7bec9f5f}</destination>
		</relationship>
	</object>
	<object class="EventMixerMaster" id="{d41cb262-6251-44ca-90cf-85f86ba0858d}">
		<relationship name="automators">
			<destination>{3e8a8c4d-8aa3-4b4e-a144-f710d23b7231}</destination>
		</relationship>
		<relationship name="effectChain">
			<destination>{6da9eb4f-4462-4085-a3c2-99fc9cc3a58b}</destination>
		</relationship>
		<relationship name="panner">
			<destination>{87ed92a7-2581-4bb4-9b75-755588e9d23c}</destination>
		</relationship>
		<relationship name="mixer">
			<destination>{ec7d0380-f312-4b9f-8735-80ead6b9f01f}</destination>
		</relationship>
	</object>
	<object class="AutomationTrack" id="{26b8d43d-6a15-441b-b441-08d78a3c5717}">
		<relationship name="automator">
			<destination>{3e8a8c4d-8aa3-4b4e-a144-f710d23b7231}</destination>
		</relationship>
	</object>
	<object class="MixerBusEffectChain" id="{7f52d555-38f9-44f5-bc57-76baeedc5645}">
		<relationship name="effects">
			<destination>{4e419c0c-f80a-4db2-a90f-a252f8642639}</destination>
		</relationship>
	</object>
	<object class="MixerBusPanner" id="{b83f1336-e213-4085-a493-e70c6f063b06}" />
	<object class="SingleSound" id="{c4940742-c856-400d-abb2-9acd8205dbac}">
		<property name="length">
			<value>25</value>
		</property>
		<relationship name="audioFile">
			<destination>{51ab3c7f-052d-4677-a45d-2c587a32f890}</destination>
		</relationship>
	</object>
	<object class="EventMixerGroup" id="{715442f0-6a76-4f2f-ae2a-afdfec4cc541}">
		<property name="name">
			<value>Audio 1</value>
		</property>
		<relationship name="effectChain">
			<destination>{f46b2df3-dab1-4c02-9c0d-c3448c8f45f4}</destination>
		</relationship>
		<relationship name="panner">
			<destination>{ef2ccd17-9175-477a-9f2c-aa4c6425ed5b}</destination>
		</relationship>
		<relationship name="output">
			<destination>{d41cb262-6251-44ca-90cf-85f86ba0858d}</destination>
		</relationship>
	</object>
	<object class="AutomationTrack" id="{d40961eb-4c10-4738-aa5a-bf8e4726e9fc}">
		<relationship name="automator">
			<destination>{c73df0d9-0743-4f4c-8233-ec26fae231b2}</destination>
		</relationship>
	</object>
	<object class="SoundScatterer" id="{1ff07685-6900-4a7d-95fc-b16d4066d081}">
		<property name="length">
			<value>25</value>
		</property>
		<property name="polyphony">
			<value>1</value>
		</property>
		<property name="minimumTimeBetweenSounds">
			<value>5000</value>
		</property>
		<property name="maximumTimeBetweenSounds">
			<value>16000</value>
		</property>
		<relationship name="automators">
			<destination>{c73df0d9-0743-4f4c-8233-ec26fae231b2}</destination>
		</relationship>
		<relationship name="modulators">
			<destination>{bcc89fe5-7932-40c0-a5de-bbbe57a672b7}</destination>
			<destination>{7373def3-3031-4d5b-b5ce-27af78cead43}</destination>
		</relationship>
		<relationship name="sound">
			<destination>{eab4a7fa-7a87-48f5-9d8a-f2e7aa61f07d}</destination>
		</relationship>
	</object>
	<object class="EventMixerGroup" id="{8567f410-6c1c-4a83-a421-f05ad246af91}">
		<property name="name">
			<value>Audio 2</value>
		</property>
		<relationship name="effectChain">
			<destination>{7d655f2f-bed3-477e-8619-3b2a63b51f3a}</destination>
		</relationship>
		<relationship name="panner">
			<destination>{e34004de-25fe-42b7-b833-846d278782de}</destination>
		</relationship>
		<relationship name="output">
			<destination>{d41cb262-6251-44ca-90cf-85f86ba0858d}</destination>
		</relationship>
	</object>
	<object class="AutomationTrack" id="{c1b352e9-9247-4fe9-a3e9-e509bc60f886}">
		<relationship name="automator">
			<destination>{325b5ec8-795c-456b-a514-537db429e233}</destination>
		</relationship>
	</object>
	<object class="SoundScatterer" id="{22110fb2-ace8-496b-82d2-4e93aa2ab0ad}">
		<property name="length">
			<value>25</value>
		</property>
		<property name="polyphony">
			<value>1</value>
		</property>
		<property name="minimumTimeBetweenSounds">
			<value>8000</value>
		</property>
		<property name="maximumTimeBetweenSounds">
			<value>20000</value>
		</property>
		<relationship name="automators">
			<destination>{325b5ec8-795c-456b-a514-537db429e233}</destination>
		</relationship>
		<relationship name="modulators">
			<destination>{b8c87073-bef6-4674-b702-f2f3c5968d41}</destination>
		</relationship>
		<relationship name="sound">
			<destination>{7f532c05-840e-4f64-890c-f6f1bd1b85e7}</destination>
		</relationship>
	</object>
	<object class="EventMixerGroup" id="{47ba3317-0b47-4a2c-ab88-b9ad4256a803}">
		<property name="name">
			<value>Audio 3</value>
		</property>
		<relationship name="effectChain">
			<destination>{cc693d9c-e3ec-4356-8483-3c6a16373814}</destination>
		</relationship>
		<relationship name="panner">
			<destination>{147e1c0d-3a70-4a9d-8844-ce71650f3fc6}</destination>
		</relationship>
		<relationship name="output">
			<destination>{d41cb262-6251-44ca-90cf-85f86ba0858d}</destination>
		</relationship>
	</object>
	<object class="NamedMarker" id="{37ecd77d-52c0-42ae-98e6-15f639f7b886}">
		<property name="position">
			<value>4</value>
		</property>
		<property name="name">
			<value>Marker A</value>
		</property>
		<relationship name="timeline">
			<destination>{28f81d9e-af3a-4730-89d1-ce3fcdfe375e}</destination>
		</relationship>
		<relationship name="markerTrack">
			<destination>{135671ee-e29d-46ef-bfec-e3d12deac365}</destination>
		</relationship>
	</object>
	<object class="TransitionMarker" id="{8c96c35a-4fe6-43f8-b521-1c0e7bec9f5f}">
		<property name="position">
			<value>25</value>
		</property>
		<relationship name="timeline">
			<destination>{28f81d9e-af3a-4730-89d1-ce3fcdfe375e}</destination>
		</relationship>
		<relationship name="markerTrack">
			<destination>{135671ee-e29d-46ef-bfec-e3d12deac365}</destination>
		</relationship>
		<relationship name="destination">
			<destination>{37ecd77d-52c0-42ae-98e6-15f639f7b886}</destination>
		</relationship>
	</object>
	<object class="Automator" id="{3e8a8c4d-8aa3-4b4e-a144-f710d23b7231}">
		<property name="nameOfPropertyBeingAutomated">
			<value>volume</value>
		</property>
		<relationship name="automationCurves">
			<destination>{b00f21d9-2874-49f1-b3b5-07e9ac10d730}</destination>
		</relationship>
	</object>
	<object class="MixerBusEffectChain" id="{6da9eb4f-4462-4085-a3c2-99fc9cc3a58b}">
		<relationship name="effects">
			<destination>{37e225d9-60d4-4ffb-9063-4351e9dc6ca4}</destination>
		</relationship>
	</object>
	<object class="MixerBusPanner" id="{87ed92a7-2581-4bb4-9b75-755588e9d23c}" />
	<object class="MixerBusFader" id="{4e419c0c-f80a-4db2-a90f-a252f8642639}" />
	<object class="MixerBusEffectChain" id="{f46b2df3-dab1-4c02-9c0d-c3448c8f45f4}">
		<relationship name="effects">
			<destination>{e2241d76-0ffe-4bdb-bdba-321a056c876b}</destination>
			<destination>{0d8db5d3-11fc-4dd5-a044-45405335cb70}</destination>
		</relationship>
	</object>
	<object class="MixerBusPanner" id="{ef2ccd17-9175-477a-9f2c-aa4c6425ed5b}" />
	<object class="Automator" id="{c73df0d9-0743-4f4c-8233-ec26fae231b2}">
		<property name="nameOfPropertyBeingAutomated">
			<value>spawnRate</value>
		</property>
		<relationship name="automationCurves">
			<destination>{4ae7dd8b-9473-4eca-b036-eb6e2cce3cd7}</destination>
		</relationship>
	</object>
	<object class="RandomizerModulator" id="{bcc89fe5-7932-40c0-a5de-bbbe57a672b7}">
		<property name="nameOfPropertyBeingModulated">
			<value>pitch</value>
		</property>
		<property name="amount">
			<value>6.5</value>
		</property>
	</object>
	<object class="RandomizerModulator" id="{7373def3-3031-4d5b-b5ce-27af78cead43}">
		<property name="nameOfPropertyBeingModulated">
			<value>volume</value>
		</property>
		<property name="amount">
			<value>2</value>
		</property>
	</object>
	<object class="MultiSound" id="{eab4a7fa-7a87-48f5-9d8a-f2e7aa61f07d}">
		<relationship name="sounds">
			<destination>{6f423f18-40be-4800-bca9-8f1a2e7b2d77}</destination>
			<destination>{e8cb2d25-b9a6-4fe5-bec3-950d8e69abea}</destination>
		</relationship>
	</object>
	<object class="MixerBusEffectChain" id="{7d655f2f-bed3-477e-8619-3b2a63b51f3a}">
		<relationship name="effects">
			<destination>{74060503-5010-42d5-bb0e-e429c3869275}</destination>
			<destination>{d6c9c76c-db3a-4694-9f06-b2e102e3f7da}</destination>
		</relationship>
	</object>
	<object class="MixerBusPanner" id="{e34004de-25fe-42b7-b833-846d278782de}" />
	<object class="Automator" id="{325b5ec8-795c-456b-a514-537db429e233}">
		<property name="nameOfPropertyBeingAutomated">
			<value>spawnRate</value>
		</property>
		<relationship name="automationCurves">
			<destination>{375ea36e-ede5-40d9-b1d7-1cfecfe241c2}</destination>
		</relationship>
	</object>
	<object class="RandomizerModulator" id="{b8c87073-bef6-4674-b702-f2f3c5968d41}">
		<property name="nameOfPropertyBeingModulated">
			<value>pitch</value>
		</property>
		<property name="amount">
			<value>8.5</value>
		</property>
	</object>
	<object class="MultiSound" id="{7f532c05-840e-4f64-890c-f6f1bd1b85e7}">
		<relationship name="sounds">
			<destination>{1d87230e-4042-457f-b0e5-2b3198ce12fa}</destination>
			<destination>{908746f1-d88d-49af-a816-62c72874da32}</destination>
		</relationship>
	</object>
	<object class="MixerBusEffectChain" id="{cc693d9c-e3ec-4356-8483-3c6a16373814}">
		<relationship name="effects">
			<destination>{82cd7549-8920-4383-98a4-db4386941f1b}</destination>
			<destination>{90b709df-e8b7-4945-83b4-f5c82d100e9e}</destination>
		</relationship>
	</object>
	<object class="MixerBusPanner" id="{147e1c0d-3a70-4a9d-8844-ce71650f3fc6}" />
	<object class="AutomationCurve" id="{b00f21d9-2874-49f1-b3b5-07e9ac10d730}">
		<relationship name="parameter">
			<destination>{37aa0f98-f6f2-48b1-a761-7c80fc7e7d46}</destination>
		</relationship>
		<relationship name="automationPoints">
			<destination>{b384352f-067a-4ed0-825b-841a94f3bc38}</destination>
			<destination>{c4491195-95eb-4e4d-8a29-cff560a065a9}</destination>
		</relationship>
	</object>
	<object class="MixerBusFader" id="{37e225d9-60d4-4ffb-9063-4351e9dc6ca4}" />
	<object class="MixerBusFader" id="{e2241d76-0ffe-4bdb-bdba-321a056c876b}" />
	<object class="SpatialiserEffect" id="{0d8db5d3-11fc-4dd5-a044-45405335cb70}">
		<property name="distanceRolloffType">
			<value>2</value>
		</property>
	</object>
	<object class="AutomationCurve" id="{4ae7dd8b-9473-4eca-b036-eb6e2cce3cd7}">
		<relationship name="parameter">
			<destination>{9abe9ee8-069c-4c7c-b728-84a73a405f8d}</destination>
		</relationship>
		<relationship name="automationPoints">
			<destination>{6c6175bd-10cc-4484-a255-fd4e6ed51f7b}</destination>
			<destination>{802b72df-e4fa-440e-8e70-1eaaecef94f5}</destination>
		</relationship>
	</object>
	<object class="SingleSound" id="{6f423f18-40be-4800-bca9-8f1a2e7b2d77}">
		<relationship name="audioFile">
			<destination>{76ebbbb2-18d1-4906-828f-352088b7a22b}</destination>
		</relationship>
	</object>
	<object class="SingleSound" id="{e8cb2d25-b9a6-4fe5-bec3-950d8e69abea}">
		<relationship name="audioFile">
			<destination>{af4a7771-377b-400b-87d9-72e372d901d4}</destination>
		</relationship>
	</object>
	<object class="MixerBusFader" id="{74060503-5010-42d5-bb0e-e429c3869275}" />
	<object class="SpatialiserEffect" id="{d6c9c76c-db3a-4694-9f06-b2e102e3f7da}">
		<property name="distanceRolloffType">
			<value>2</value>
		</property>
	</object>
	<object class="AutomationCurve" id="{375ea36e-ede5-40d9-b1d7-1cfecfe241c2}">
		<relationship name="parameter">
			<destination>{9abe9ee8-069c-4c7c-b728-84a73a405f8d}</destination>
		</relationship>
		<relationship name="automationPoints">
			<destination>{1a813b7a-1413-40c6-865e-67eceb3180c2}</destination>
			<destination>{8c4ecfc6-ccae-46fe-87f1-c4588b496d5c}</destination>
		</relationship>
	</object>
	<object class="SingleSound" id="{1d87230e-4042-457f-b0e5-2b3198ce12fa}">
		<relationship name="audioFile">
			<destination>{595f7916-43b6-4e03-826b-436c40f12628}</destination>
		</relationship>
	</object>
	<object class="SingleSound" id="{908746f1-d88d-49af-a816-62c72874da32}">
		<relationship name="audioFile">
			<destination>{2cce8651-4b9f-4376-91b5-b8f8544fd8cc}</destination>
		</relationship>
	</object>
	<object class="MixerBusFader" id="{82cd7549-8920-4383-98a4-db4386941f1b}" />
	<object class="PannerEffect" id="{90b709df-e8b7-4945-83b4-f5c82d100e9e}">
		<relationship name="modulators">
			<destination>{d7350c8d-b2ab-46cc-8669-6d758403fd81}</destination>
		</relationship>
	</object>
	<object class="AutomationPoint" id="{b384352f-067a-4ed0-825b-841a94f3bc38}">
		<property name="position">
			<value>0</value>
		</property>
		<property name="value">
			<value>-80</value>
		</property>
	</object>
	<object class="AutomationPoint" id="{c4491195-95eb-4e4d-8a29-cff560a065a9}">
		<property name="position">
			<value>1</value>
		</property>
		<property name="value">
			<value>0</value>
		</property>
	</object>
	<object class="AutomationPoint" id="{6c6175bd-10cc-4484-a255-fd4e6ed51f7b}">
		<property name="position">
			<value>0.0042372881355932203</value>
		</property>
		<property name="value">
			<value>70</value>
		</property>
	</object>
	<object class="AutomationPoint" id="{802b72df-e4fa-440e-8e70-1eaaecef94f5}">
		<property name="position">
			<value>1</value>
		</property>
		<property name="value">
			<value>350</value>
		</property>
	</object>
	<object class="AutomationPoint" id="{1a813b7a-1413-40c6-865e-67eceb3180c2}">
		<property name="position">
			<value>0</value>
		</property>
		<property name="value">
			<value>75</value>
		</property>
	</object>
	<object class="AutomationPoint" id="{8c4ecfc6-ccae-46fe-87f1-c4588b496d5c}">
		<property name="position">
			<value>1</value>
		</property>
		<property name="value">
			<value>250</value>
		</property>
	</object>
	<object class="RandomizerModulator" id="{d7350c8d-b2ab-46cc-8669-6d758403fd81}">
		<property name="nameOfPropertyBeingModulated">
			<value>surroundPanDirection</value>
		</property>
		<property name="amount">
			<value>20</value>
		</property>
	</object>
</objects>
