<?xml version="1.0" encoding="UTF-8"?>
<objects serializationModel="Studio.02.02.00">
	<object class="MixerMaster" id="{1babe90d-ce0a-48c7-a3fc-421f0a110d7b}">
		<property name="name">
			<value>Master Bus</value>
		</property>
		<relationship name="effectChain">
			<destination>{d71791f0-326f-4485-b5d7-2df016a23655}</destination>
		</relationship>
		<relationship name="panner">
			<destination>{3879d7da-8f7e-4eda-80db-cde41809d2b6}</destination>
		</relationship>
		<relationship name="mixer">
			<destination>{ff8aa47b-f11e-4d34-adf4-5500f8191c45}</destination>
		</relationship>
	</object>
	<object class="MixerBusEffectChain" id="{d71791f0-326f-4485-b5d7-2df016a23655}">
		<relationship name="effects">
			<destination>{dfa24827-d0f8-4e8e-a63b-656009a2fd26}</destination>
		</relationship>
	</object>
	<object class="MixerBusPanner" id="{3879d7da-8f7e-4eda-80db-cde41809d2b6}">
		<property name="overridingOutputFormat">
			<value>2</value>
		</property>
	</object>
	<object class="MixerBusFader" id="{dfa24827-d0f8-4e8e-a63b-656009a2fd26}" />
</objects>
