<?xml version="1.0" encoding="UTF-8"?>
<objects serializationModel="Studio.02.02.00">
	<object class="EncodingSetting" id="{6594adeb-6dff-463f-a62f-ea5a5058eee6}">
		<property name="encodingFormat">
			<value>3</value>
		</property>
		<property name="quality">
			<value>37</value>
		</property>
		<relationship name="platform">
			<destination>{4ee65be5-6c0a-4a47-93e5-b01afc2828b5}</destination>
		</relationship>
		<relationship name="encodable">
			<destination>{4ee65be5-6c0a-4a47-93e5-b01afc2828b5}</destination>
		</relationship>
	</object>
</objects>
