<?xml version="1.0" encoding="UTF-8"?>
<objects serializationModel="Studio.02.02.00">
	<object class="ParameterPreset" id="{45536b66-7cf2-4938-80d2-988e36eea601}">
		<property name="name">
			<value>occlusion</value>
		</property>
		<relationship name="folder">
			<destination>{e4106cfb-964c-4939-8caa-60b9bf350236}</destination>
		</relationship>
		<relationship name="parameter">
			<destination>{ce48b1dd-991c-4c12-bc4d-f100f06c4a69}</destination>
		</relationship>
	</object>
	<object class="GameParameter" id="{ce48b1dd-991c-4c12-bc4d-f100f06c4a69}">
		<property name="initialValue">
			<value>0</value>
		</property>
	</object>
</objects>
