<?xml version="1.0" encoding="UTF-8"?>
<objects serializationModel="Studio.02.02.00">
	<object class="ParameterPreset" id="{4c2385a7-e774-4079-90c1-f48d5f1105c5}">
		<property name="name">
			<value>suelo</value>
		</property>
		<relationship name="folder">
			<destination>{e4106cfb-964c-4939-8caa-60b9bf350236}</destination>
		</relationship>
		<relationship name="parameter">
			<destination>{43581745-d453-4dd8-a178-f0a068d8a213}</destination>
		</relationship>
	</object>
	<object class="GameParameter" id="{43581745-d453-4dd8-a178-f0a068d8a213}">
		<property name="parameterType">
			<value>2</value>
		</property>
		<property name="maximum">
			<value>3</value>
		</property>
		<property name="enumerationLabels">
			<value>tierra</value>
			<value>cemento</value>
			<value>metal</value>
		</property>
		<property name="initialValue">
			<value>1</value>
		</property>
	</object>
</objects>
