<?xml version="1.0" encoding="UTF-8"?>
<objects serializationModel="Studio.02.02.00">
	<object class="ParameterPreset" id="{db69ccaa-1ec3-4d27-a909-525441844c0a}">
		<property name="name">
			<value>Parameter 1</value>
		</property>
		<relationship name="folder">
			<destination>{e4106cfb-964c-4939-8caa-60b9bf350236}</destination>
		</relationship>
		<relationship name="parameter">
			<destination>{932904ad-37d0-4c00-8e42-017c5d806c83}</destination>
		</relationship>
	</object>
	<object class="GameParameter" id="{932904ad-37d0-4c00-8e42-017c5d806c83}">
		<property name="parameterType">
			<value>2</value>
		</property>
		<property name="maximum">
			<value>3</value>
		</property>
		<property name="enumerationLabels">
			<value>tierra</value>
			<value>cemento</value>
			<value>metal</value>
		</property>
		<property name="initialValue">
			<value>1</value>
		</property>
	</object>
</objects>
